[
  {
    "id": 1,
    "titulo": "Kanojo, Okarishimasu S4 Latino",
    "sinopsis": "Kazuya toma una decisión: declararse a Chizuru, aunque la existencia de Mami supone otro problema. Mami-chan besto personaje.",
    "imagen": "https://latanime.org/thumbs/imagen/kanojo-okarishimasu-s4-latino-1753213744.jpg",
    "generos": ["Comedia", "Harem", "Shonen", "Romance"],
    "año": 2025,
    "estado": "En emisión",
    "idioma": "Latino",
    "categoria": "Anime",
    "episodios": [
      {
        "numero": 1,
        "titulo": "Kanojo, Okarishimasu S4 Latino - Capitulo 1",
        "duracion": "24:00",
        "url_stream": "https://latanime.org/ver/kanojo-okarishimasu-s4-latino-episodio-1"
      },
      {
        "numero": 2,
        "titulo": "Kanojo, Okarishimasu S4 Latino - Capitulo 2",
        "duracion": "24:00",
        "url_stream": "https://latanime.org/ver/kanojo-okarishimasu-s4-latino-episodio-2"
      }
    ]
  },
  {
    "id": 2,
    "titulo": "Dandadan Netflix Latino",
    "sinopsis": "Oculto, un friki que cree en los ovnis, y Ayase, su compañera criada por una abuela médium, vivirán una historia que les hará cuestionarse todo lo que han creído hasta el momento.",
    "imagen": "https://latanime.org/thumbs/imagen/dandadan-latino-1753129192.jpg",
    "generos": ["Acción", "Comedia", "Shonen"],
    "año": 2024,
    "estado": "En emisión",
    "idioma": "Latino",
    "categoria": "Anime",
    "episodios": [
      {
        "numero": 1,
        "titulo": "Dandadan Netflix Latino - Capitulo 1",
        "duracion": "24:00",
        "url_stream": "https://latanime.org/ver/dandadan-latino-episodio-1"
      },
      {
        "numero": 2,
        "titulo": "Dandadan Netflix Latino - Capitulo 2",
        "duracion": "24:00",
        "url_stream": "https://latanime.org/ver/dandadan-latino-episodio-2"
      },
      {
        "numero": 3,
        "titulo": "Dandadan Netflix Latino - Capitulo 3",
        "duracion": "24:00",
        "url_stream": "https://latanime.org/ver/dandadan-latino-episodio-3"
      },
      {
        "numero": 4,
        "titulo": "Dandadan Netflix Latino - Capitulo 4",
        "duracion": "24:00",
        "url_stream": "https://latanime.org/ver/dandadan-latino-episodio-4"
      },
      {
        "numero": 5,
        "titulo": "Dandadan Netflix Latino - Capitulo 5",
        "duracion": "24:00",
        "url_stream": "https://latanime.org/ver/dandadan-latino-episodio-5"
      }
    ]
  },
  {
    "id": 3,
    "titulo": "Oshi no Ko S2 Castellano",
    "sinopsis": "Con la ayuda del productor Masaya Kaburagi, Aquamarine 'Aqua' Hoshino y Kana Arima han conseguido los papeles de Touki y Tsurugi en la adaptación teatral de la popular serie de manga Tokyo Blade.",
    "imagen": "https://latanime.org/thumbs/imagen/oshi-no-ko-s2-castellano-1752755325.jpg",
    "generos": ["Drama", "Música", "Seinen", "Sobrenatural", "Romance"],
    "año": 2025,
    "estado": "Finalizado",
    "idioma": "Latino",
    "categoria": "Anime",
    "episodios": [
      {
        "numero": 1,
        "titulo": "Oshi no Ko S2 Castellano - Capitulo 1",
        "duracion": "24:00",
        "url_stream": "https://latanime.org/ver/oshi-no-ko-s2-castellano-episodio-1"
      },
      {
        "numero": 2,
        "titulo": "Oshi no Ko S2 Castellano - Capitulo 2",
        "duracion": "24:00",
        "url_stream": "https://latanime.org/ver/oshi-no-ko-s2-castellano-episodio-2"
      },
      {
        "numero": 3,
        "titulo": "Oshi no Ko S2 Castellano - Capitulo 3",
        "duracion": "24:00",
        "url_stream": "https://latanime.org/ver/oshi-no-ko-s2-castellano-episodio-3"
      },
      {
        "numero": 4,
        "titulo": "Oshi no Ko S2 Castellano - Capitulo 4",
        "duracion": "24:00",
        "url_stream": "https://latanime.org/ver/oshi-no-ko-s2-castellano-episodio-4"
      },
      {
        "numero": 5,
        "titulo": "Oshi no Ko S2 Castellano - Capitulo 5",
        "duracion": "24:00",
        "url_stream": "https://latanime.org/ver/oshi-no-ko-s2-castellano-episodio-5"
      }
    ]
  },
  {
    "id": 4,
    "titulo": "Tate no Yuusha no Nariagari S4 Latino",
    "sinopsis": "Naofumi se prepara para entrar a Siltvelt acompañado por Raphtalia, Filo, Sadeena, Atla y Fohl.",
    "imagen": "https://latanime.org/thumbs/imagen/tate-no-yuusha-no-nariagari-s4-latino-1752706090.jpg",
    "generos": ["Acción", "Aventura", "Drama", "Fantasía"],
    "año": 2025,
    "estado": "En emisión",
    "idioma": "Latino",
    "categoria": "Anime",
    "episodios": [
      {
        "numero": 1,
        "titulo": "Tate no Yuusha no Nariagari S4 Latino - Capitulo 1",
        "duracion": "24:00",
        "url_stream": "https://latanime.org/ver/tate-no-yuusha-no-nariagari-s4-latino-episodio-1"
      },
      {
        "numero": 2,
        "titulo": "Tate no Yuusha no Nariagari S4 Latino - Capitulo 2",
        "duracion": "24:00",
        "url_stream": "https://latanime.org/ver/tate-no-yuusha-no-nariagari-s4-latino-episodio-2"
      }
    ]
  },
  {
    "id": 5,
    "titulo": "New PANTY & STOCKING Latino",
    "sinopsis": "En Ciudad Daten, entre el cielo y el infierno, hay fantasmas que se alimentan de los deseos y el rencor de la humanidad. Aparecen dos figuras para destruirlos con su luz divina: Panty y Stocking.",
    "imagen": "https://latanime.org/thumbs/imagen/new-panty-stocking-latino-1752078368.jpg",
    "generos": ["Acción", "Comedia", "Ecchi", "Fantasía", "Parodias"],
    "año": 2025,
    "estado": "En emisión",
    "idioma": "Latino",
    "categoria": "Anime",
    "episodios": [
      {
        "numero": 1,
        "titulo": "New PANTY & STOCKING Latino - Capitulo 1",
        "duracion": "24:00",
        "url_stream": "https://latanime.org/ver/new-panty-stocking-latino-episodio-1"
      },
      {
        "numero": 2,
        "titulo": "New PANTY & STOCKING Latino - Capitulo 2",
        "duracion": "24:00",
        "url_stream": "https://latanime.org/ver/new-panty-stocking-latino-episodio-2"
      },
      {
        "numero": 3,
        "titulo": "New PANTY & STOCKING Latino - Capitulo 3",
        "duracion": "24:00",
        "url_stream": "https://latanime.org/ver/new-panty-stocking-latino-episodio-3"
      }
    ]
  },
  {
    "id": 6,
    "titulo": "Tougen Anki Latino",
    "sinopsis": "Los linajes de 'Oni' y 'Momotaro' se han transmitido entre ciertos humanos durante generaciones. El protagonista, Shiki Ichinose, se entera de repente de su linaje Oni después de un ataque inesperado de Momotaro.",
    "imagen": "https://latanime.org/thumbs/imagen/tougen-anki-latino-1752259137.jpg",
    "generos": ["Acción", "Fantasía", "Shonen"],
    "año": 2025,
    "estado": "En emisión",
    "idioma": "Latino",
    "categoria": "Anime",
    "episodios": [
      {
        "numero": 1,
        "titulo": "Tougen Anki Latino - Capitulo 1",
        "duracion": "24:00",
        "url_stream": "https://latanime.org/ver/tougen-anki-latino-episodio-1"
      },
      {
        "numero": 2,
        "titulo": "Tougen Anki Latino - Capitulo 2",
        "duracion": "24:00",
        "url_stream": "https://latanime.org/ver/tougen-anki-latino-episodio-2"
      },
      {
        "numero": 3,
        "titulo": "Tougen Anki Latino - Capitulo 3",
        "duracion": "24:00",
        "url_stream": "https://latanime.org/ver/tougen-anki-latino-episodio-3"
      }
    ]
  },
  {
    "id": 7,
    "titulo": "Gachiakuta Latino",
    "sinopsis": "En una ciudad flotante donde los ricos se deshacen de su basura y de las personas, a Ludo lo acusan de asesinato y lo arrojan al Abismo, un infierno habitado por las bestias de la basura.",
    "imagen": "https://latanime.org/thumbs/imagen/gachiakuta-1751833158.jpg",
    "generos": ["Acción", "Fantasía", "Shonen"],
    "año": 2025,
    "estado": "En emisión",
    "idioma": "Latino",
    "categoria": "Anime",
    "episodios": [
      {
        "numero": 1,
        "titulo": "Gachiakuta Latino - Capitulo 1",
        "duracion": "24:00",
        "url_stream": "https://latanime.org/ver/gachiakuta-episodio-1"
      },
      {
        "numero": 2,
        "titulo": "Gachiakuta Latino - Capitulo 2",
        "duracion": "24:00",
        "url_stream": "https://latanime.org/ver/gachiakuta-episodio-2"
      },
      {
        "numero": 3,
        "titulo": "Gachiakuta Latino - Capitulo 3",
        "duracion": "24:00",
        "url_stream": "https://latanime.org/ver/gachiakuta-episodio-3"
      }
    ]
  },
  {
    "id": 8,
    "titulo": "Clevatess Latino",
    "sinopsis": "El reinado de Clevatess, uno de los Señores de las Bestias Mágicas, se desmorona al revivir a un héroe al que él mismo mató y adoptar a un bebé humanoide huérfano: la última esperanza para salvar un mundo moribundo.",
    "imagen": "https://latanime.org/thumbs/imagen/clevatess-latino-1751481889.jpg",
    "generos": ["Acción", "Aventura", "Ciencia Ficción", "Drama", "Fantasía"],
    "año": 2025,
    "estado": "En emisión",
    "idioma": "Latino",
    "categoria": "Anime",
    "episodios": [
      {
        "numero": 1,
        "titulo": "Clevatess Latino - Capitulo 1",
        "duracion": "24:00",
        "url_stream": "https://latanime.org/ver/clevatess-latino-episodio-1"
      },
      {
        "numero": 2,
        "titulo": "Clevatess Latino - Capitulo 2",
        "duracion": "24:00",
        "url_stream": "https://latanime.org/ver/clevatess-latino-episodio-2"
      },
      {
        "numero": 3,
        "titulo": "Clevatess Latino - Capitulo 3",
        "duracion": "24:00",
        "url_stream": "https://latanime.org/ver/clevatess-latino-episodio-3"
      },
      {
        "numero": 4,
        "titulo": "Clevatess Latino - Capitulo 4",
        "duracion": "24:00",
        "url_stream": "https://latanime.org/ver/clevatess-latino-episodio-4"
      }
    ]
  },
  {
    "id": 9,
    "titulo": "Kaijuu 8-gou S2 Latino",
    "sinopsis": "Gracias a Isao Shinomiya, Kafka Hibino evita convertirse en un arma. Mientras los nuevos reclutas se dirigen a sus puestos, Kafka conoce al general Narumi, el hombre más fuerte en la fuerza de defensa.",
    "imagen": "https://latanime.org/thumbs/imagen/kaijuu-8-gou-s2-latino-1752370535.jpg",
    "generos": ["Acción", "Fantasía", "Militar", "Shonen"],
    "año": 2025,
    "estado": "En emisión",
    "idioma": "Latino",
    "categoria": "Anime",
    "episodios": [
      {
        "numero": 0,
        "titulo": "Kaijuu 8-gou S2 Latino - Capitulo 0",
        "duracion": "24:00",
        "url_stream": "https://latanime.org/ver/kaijuu-8-gou-s2-latino-episodio-0"
      },
      {
        "numero": 1,
        "titulo": "Kaijuu 8-gou S2 Latino - Capitulo 1",
        "duracion": "24:00",
        "url_stream": "https://latanime.org/ver/kaijuu-8-gou-s2-latino-episodio-1"
      },
      {
        "numero": 2,
        "titulo": "Kaijuu 8-gou S2 Latino - Capitulo 2",
        "duracion": "24:00",
        "url_stream": "https://latanime.org/ver/kaijuu-8-gou-s2-latino-episodio-2"
      }
    ]
  },
  {
    "id": 10,
    "titulo": "Witch Watch Latino",
    "sinopsis": "Nico Wakatsuki ha terminado sus seis años de entrenamiento de bruja y regresa sola a la ciudad. Como bruja nueva, debe elegir un familiar que la acompañe.",
    "imagen": "https://latanime.org/thumbs/imagen/witch-watch-1745782522.jpg",
    "generos": ["Comedia", "Shonen", "Sobrenatural"],
    "año": 2025,
    "estado": "En emisión",
    "idioma": "Latino",
    "categoria": "Anime",
    "episodios": [
      {
        "numero": 1,
        "titulo": "Witch Watch Latino - Capitulo 1",
        "duracion": "24:00",
        "url_stream": "https://latanime.org/ver/witch-watch-episodio-1"
      },
      {
        "numero": 2,
        "titulo": "Witch Watch Latino - Capitulo 2",
        "duracion": "24:00",
        "url_stream": "https://latanime.org/ver/witch-watch-episodio-2"
      },
      {
        "numero": 3,
        "titulo": "Witch Watch Latino - Capitulo 3",
        "duracion": "24:00",
        "url_stream": "https://latanime.org/ver/witch-watch-episodio-3"
      },
      {
        "numero": 4,
        "titulo": "Witch Watch Latino - Capitulo 4",
        "duracion": "24:00",
        "url_stream": "https://latanime.org/ver/witch-watch-episodio-4"
      },
      {
        "numero": 5,
        "titulo": "Witch Watch Latino - Capitulo 5",
        "duracion": "24:00",
        "url_stream": "https://latanime.org/ver/witch-watch-episodio-5"
      }
    ]
  },
  {
    "id": 11,
    "titulo": "Sakura Card Captor Castellano",
    "sinopsis": "Sakura Kinomoto es una niña de 10 años que vive con su padre Fujitaka y su hermano Touya. La historia comienza cuando Sakura abre un extraño libro llamado The Clow y libera accidentalmente las cartas que este contenía, Sakura deberá pasar grandes apuros para sellar las cartas pero con ayuda de sus amigos Tomoyo, Shaoran y Kerberos vivirían grandes aventuras para lograr su objetivo, atrapar todas las cartas Clow.",
    "imagen": "https://latanime.org/thumbs/imagen/sakura-card-captor-castellano-1677455558.jpg",
    "generos": ["Acción", "Comedia", "Drama", "Escolares", "Magia", "Romance"],
    "año": 1998,
    "estado": "Finalizado",
    "idioma": "Castellano",
    "categoria": "Anime",
    "episodios": [
      {
        "numero": 1,
        "titulo": "Sakura Card Captor Castellano - Capitulo 1",
        "duracion": "Desconocido",
        "url_stream": "https://latanime.org/ver/sakura-card-captor-castellano-episodio-1"
      },
      {
        "numero": 2,
        "titulo": "Sakura Card Captor Castellano - Capitulo 2",
        "duracion": "Desconocido",
        "url_stream": "https://latanime.org/ver/sakura-card-captor-castellano-episodio-2"
      },
      {
        "numero": 3,
        "titulo": "Sakura Card Captor Castellano - Capitulo 3",
        "duracion": "Desconocido",
        "url_stream": "https://latanime.org/ver/sakura-card-captor-castellano-episodio-3"
      },
      {
        "numero": 4,
        "titulo": "Sakura Card Captor Castellano - Capitulo 4",
        "duracion": "Desconocido",
        "url_stream": "https://latanime.org/ver/sakura-card-captor-castellano-episodio-4"
      },
      {
        "numero": 5,
        "titulo": "Sakura Card Captor Castellano - Capitulo 5",
        "duracion": "Desconocido",
        "url_stream": "https://latanime.org/ver/sakura-card-captor-castellano-episodio-5"
      },
      {
        "numero": 6,
        "titulo": "Sakura Card Captor Castellano - Capitulo 6",
        "duracion": "Desconocido",
        "url_stream": "https://latanime.org/ver/sakura-card-captor-castellano-episodio-6"
      },
      {
        "numero": 7,
        "titulo": "Sakura Card Captor Castellano - Capitulo 7",
        "duracion": "Desconocido",
        "url_stream": "https://latanime.org/ver/sakura-card-captor-castellano-episodio-7"
      },
      {
        "numero": 8,
        "titulo": "Sakura Card Captor Castellano - Capitulo 8",
        "duracion": "Desconocido",
        "url_stream": "https://latanime.org/ver/sakura-card-captor-castellano-episodio-8"
      },
      {
        "numero": 9,
        "titulo": "Sakura Card Captor Castellano - Capitulo 9",
        "duracion": "Desconocido",
        "url_stream": "https://latanime.org/ver/sakura-card-captor-castellano-episodio-9"
      },
      {
         "numero": 10,
         "titulo": "Sakura Card Captor Castellano - Capitulo 10",
         "duracion": "Desconocido",
         "url_stream": "https://latanime.org/ver/sakura-card-captor-castellano-episodio-10"
       },
       {
         "numero": 11,
         "titulo": "Sakura Card Captor Castellano - Capitulo 11",
         "duracion": "Desconocido",
         "url_stream": "https://latanime.org/ver/sakura-card-captor-castellano-episodio-11"
       },
       {
         "numero": 12,
         "titulo": "Sakura Card Captor Castellano - Capitulo 12",
         "duracion": "Desconocido",
         "url_stream": "https://latanime.org/ver/sakura-card-captor-castellano-episodio-12"
       },
       {
         "numero": 13,
         "titulo": "Sakura Card Captor Castellano - Capitulo 13",
         "duracion": "Desconocido",
         "url_stream": "https://latanime.org/ver/sakura-card-captor-castellano-episodio-13"
       },
       {
         "numero": 14,
         "titulo": "Sakura Card Captor Castellano - Capitulo 14",
         "duracion": "Desconocido",
         "url_stream": "https://latanime.org/ver/sakura-card-captor-castellano-episodio-14"
       },
       {
         "numero": 15,
         "titulo": "Sakura Card Captor Castellano - Capitulo 15",
         "duracion": "Desconocido",
         "url_stream": "https://latanime.org/ver/sakura-card-captor-castellano-episodio-15"
       },
       {
         "numero": 16,
         "titulo": "Sakura Card Captor Castellano - Capitulo 16",
         "duracion": "Desconocido",
         "url_stream": "https://latanime.org/ver/sakura-card-captor-castellano-episodio-16"
       },
       {
         "numero": 17,
         "titulo": "Sakura Card Captor Castellano - Capitulo 17",
         "duracion": "Desconocido",
         "url_stream": "https://latanime.org/ver/sakura-card-captor-castellano-episodio-17"
       },
       {
         "numero": 18,
         "titulo": "Sakura Card Captor Castellano - Capitulo 18",
         "duracion": "Desconocido",
         "url_stream": "https://latanime.org/ver/sakura-card-captor-castellano-episodio-18"
       },
       {
         "numero": 19,
         "titulo": "Sakura Card Captor Castellano - Capitulo 19",
         "duracion": "Desconocido",
         "url_stream": "https://latanime.org/ver/sakura-card-captor-castellano-episodio-19"
       },
       {
          "numero": 20,
          "titulo": "Sakura Card Captor Castellano - Capitulo 20",
          "duracion": "Desconocido",
          "url_stream": "https://latanime.org/ver/sakura-card-captor-castellano-episodio-20"
        },
        {
          "numero": 21,
          "titulo": "Sakura Card Captor Castellano - Capitulo 21",
          "duracion": "Desconocido",
          "url_stream": "https://latanime.org/ver/sakura-card-captor-castellano-episodio-21"
        },
        {
          "numero": 22,
          "titulo": "Sakura Card Captor Castellano - Capitulo 22",
          "duracion": "Desconocido",
          "url_stream": "https://latanime.org/ver/sakura-card-captor-castellano-episodio-22"
        },
        {
          "numero": 23,
          "titulo": "Sakura Card Captor Castellano - Capitulo 23",
          "duracion": "Desconocido",
          "url_stream": "https://latanime.org/ver/sakura-card-captor-castellano-episodio-23"
        },
        {
          "numero": 24,
          "titulo": "Sakura Card Captor Castellano - Capitulo 24",
          "duracion": "Desconocido",
          "url_stream": "https://latanime.org/ver/sakura-card-captor-castellano-episodio-24"
        },
        {
          "numero": 25,
          "titulo": "Sakura Card Captor Castellano - Capitulo 25",
          "duracion": "Desconocido",
          "url_stream": "https://latanime.org/ver/sakura-card-captor-castellano-episodio-25"
        },
        {
          "numero": 26,
          "titulo": "Sakura Card Captor Castellano - Capitulo 26",
          "duracion": "Desconocido",
          "url_stream": "https://latanime.org/ver/sakura-card-captor-castellano-episodio-26"
        },
        {
          "numero": 27,
          "titulo": "Sakura Card Captor Castellano - Capitulo 27",
          "duracion": "Desconocido",
          "url_stream": "https://latanime.org/ver/sakura-card-captor-castellano-episodio-27"
        },
        {
          "numero": 28,
          "titulo": "Sakura Card Captor Castellano - Capitulo 28",
          "duracion": "Desconocido",
          "url_stream": "https://latanime.org/ver/sakura-card-captor-castellano-episodio-28"
        },
        {
          "numero": 29,
          "titulo": "Sakura Card Captor Castellano - Capitulo 29",
          "duracion": "Desconocido",
          "url_stream": "https://latanime.org/ver/sakura-card-captor-castellano-episodio-29"
        },
        {
          "numero": 30,
          "titulo": "Sakura Card Captor Castellano - Capitulo 30",
          "duracion": "Desconocido",
          "url_stream": "https://latanime.org/ver/sakura-card-captor-castellano-episodio-30"
        },
        {
          "numero": 31,
          "titulo": "Sakura Card Captor Castellano - Capitulo 31",
          "duracion": "Desconocido",
          "url_stream": "https://latanime.org/ver/sakura-card-captor-castellano-episodio-31"
        },
        {
          "numero": 32,
          "titulo": "Sakura Card Captor Castellano - Capitulo 32",
          "duracion": "Desconocido",
          "url_stream": "https://latanime.org/ver/sakura-card-captor-castellano-episodio-32"
        },
        {
          "numero": 33,
          "titulo": "Sakura Card Captor Castellano - Capitulo 33",
          "duracion": "Desconocido",
          "url_stream": "https://latanime.org/ver/sakura-card-captor-castellano-episodio-33"
        },
        {
          "numero": 34,
          "titulo": "Sakura Card Captor Castellano - Capitulo 34",
          "duracion": "Desconocido",
          "url_stream": "https://latanime.org/ver/sakura-card-captor-castellano-episodio-34"
        },
        {
          "numero": 35,
          "titulo": "Sakura Card Captor Castellano - Capitulo 35",
          "duracion": "Desconocido",
          "url_stream": "https://latanime.org/ver/sakura-card-captor-castellano-episodio-35"
        },
        {
          "numero": 36,
          "titulo": "Sakura Card Captor Castellano - Capitulo 36",
          "duracion": "Desconocido",
          "url_stream": "https://latanime.org/ver/sakura-card-captor-castellano-episodio-36"
        },
        {
          "numero": 37,
          "titulo": "Sakura Card Captor Castellano - Capitulo 37",
          "duracion": "Desconocido",
          "url_stream": "https://latanime.org/ver/sakura-card-captor-castellano-episodio-37"
        },
        {
          "numero": 38,
          "titulo": "Sakura Card Captor Castellano - Capitulo 38",
          "duracion": "Desconocido",
          "url_stream": "https://latanime.org/ver/sakura-card-captor-castellano-episodio-38"
        },
        {
          "numero": 39,
          "titulo": "Sakura Card Captor Castellano - Capitulo 39",
          "duracion": "Desconocido",
          "url_stream": "https://latanime.org/ver/sakura-card-captor-castellano-episodio-39"
        },
        {
          "numero": 40,
          "titulo": "Sakura Card Captor Castellano - Capitulo 40",
          "duracion": "Desconocido",
          "url_stream": "https://latanime.org/ver/sakura-card-captor-castellano-episodio-40"
        },
        {
          "numero": 41,
          "titulo": "Sakura Card Captor Castellano - Capitulo 41",
          "duracion": "Desconocido",
          "url_stream": "https://latanime.org/ver/sakura-card-captor-castellano-episodio-41"
        },
        {
          "numero": 42,
          "titulo": "Sakura Card Captor Castellano - Capitulo 42",
          "duracion": "Desconocido",
          "url_stream": "https://latanime.org/ver/sakura-card-captor-castellano-episodio-42"
        },
        {
          "numero": 43,
          "titulo": "Sakura Card Captor Castellano - Capitulo 43",
          "duracion": "Desconocido",
          "url_stream": "https://latanime.org/ver/sakura-card-captor-castellano-episodio-43"
        },
        {
          "numero": 44,
          "titulo": "Sakura Card Captor Castellano - Capitulo 44",
          "duracion": "Desconocido",
          "url_stream": "https://latanime.org/ver/sakura-card-captor-castellano-episodio-44"
        },
        {
          "numero": 45,
          "titulo": "Sakura Card Captor Castellano - Capitulo 45",
          "duracion": "Desconocido",
          "url_stream": "https://latanime.org/ver/sakura-card-captor-castellano-episodio-45"
        },
        {
          "numero": 46,
          "titulo": "Sakura Card Captor Castellano - Capitulo 46",
          "duracion": "Desconocido",
          "url_stream": "https://latanime.org/ver/sakura-card-captor-castellano-episodio-46"
        },
        {
          "numero": 47,
          "titulo": "Sakura Card Captor Castellano - Capitulo 47",
          "duracion": "Desconocido",
          "url_stream": "https://latanime.org/ver/sakura-card-captor-castellano-episodio-47"
        },
        {
          "numero": 48,
          "titulo": "Sakura Card Captor Castellano - Capitulo 48",
          "duracion": "Desconocido",
          "url_stream": "https://latanime.org/ver/sakura-card-captor-castellano-episodio-48"
        },
        {
          "numero": 49,
          "titulo": "Sakura Card Captor Castellano - Capitulo 49",
          "duracion": "Desconocido",
          "url_stream": "https://latanime.org/ver/sakura-card-captor-castellano-episodio-49"
        },
        {
          "numero": 50,
          "titulo": "Sakura Card Captor Castellano - Capitulo 50",
          "duracion": "Desconocido",
          "url_stream": "https://latanime.org/ver/sakura-card-captor-castellano-episodio-50"
        },
        {
          "numero": 51,
          "titulo": "Sakura Card Captor Castellano - Capitulo 51",
          "duracion": "Desconocido",
          "url_stream": "https://latanime.org/ver/sakura-card-captor-castellano-episodio-51"
        },
        {
          "numero": 52,
          "titulo": "Sakura Card Captor Castellano - Capitulo 52",
          "duracion": "Desconocido",
          "url_stream": "https://latanime.org/ver/sakura-card-captor-castellano-episodio-52"
        },
        {
          "numero": 53,
          "titulo": "Sakura Card Captor Castellano - Capitulo 53",
          "duracion": "Desconocido",
          "url_stream": "https://latanime.org/ver/sakura-card-captor-castellano-episodio-53"
        },
        {
          "numero": 54,
          "titulo": "Sakura Card Captor Castellano - Capitulo 54",
          "duracion": "Desconocido",
          "url_stream": "https://latanime.org/ver/sakura-card-captor-castellano-episodio-54"
        },
        {
          "numero": 55,
          "titulo": "Sakura Card Captor Castellano - Capitulo 55",
          "duracion": "Desconocido",
          "url_stream": "https://latanime.org/ver/sakura-card-captor-castellano-episodio-55"
        },
        {
          "numero": 56,
          "titulo": "Sakura Card Captor Castellano - Capitulo 56",
          "duracion": "Desconocido",
          "url_stream": "https://latanime.org/ver/sakura-card-captor-castellano-episodio-56"
        },
        {
          "numero": 57,
          "titulo": "Sakura Card Captor Castellano - Capitulo 57",
          "duracion": "Desconocido",
          "url_stream": "https://latanime.org/ver/sakura-card-captor-castellano-episodio-57"
        },
        {
          "numero": 58,
          "titulo": "Sakura Card Captor Castellano - Capitulo 58",
          "duracion": "Desconocido",
          "url_stream": "https://latanime.org/ver/sakura-card-captor-castellano-episodio-58"
        },
        {
          "numero": 59,
          "titulo": "Sakura Card Captor Castellano - Capitulo 59",
          "duracion": "Desconocido",
          "url_stream": "https://latanime.org/ver/sakura-card-captor-castellano-episodio-59"
        },
        {
          "numero": 60,
          "titulo": "Sakura Card Captor Castellano - Capitulo 60",
          "duracion": "Desconocido",
          "url_stream": "https://latanime.org/ver/sakura-card-captor-castellano-episodio-60"
        },
        {
          "numero": 61,
          "titulo": "Sakura Card Captor Castellano - Capitulo 61",
          "duracion": "Desconocido",
          "url_stream": "https://latanime.org/ver/sakura-card-captor-castellano-episodio-61"
        },
        {
          "numero": 62,
          "titulo": "Sakura Card Captor Castellano - Capitulo 62",
          "duracion": "Desconocido",
          "url_stream": "https://latanime.org/ver/sakura-card-captor-castellano-episodio-62"
        },
        {
          "numero": 63,
          "titulo": "Sakura Card Captor Castellano - Capitulo 63",
          "duracion": "Desconocido",
          "url_stream": "https://latanime.org/ver/sakura-card-captor-castellano-episodio-63"
        },
        {
          "numero": 64,
          "titulo": "Sakura Card Captor Castellano - Capitulo 64",
          "duracion": "Desconocido",
          "url_stream": "https://latanime.org/ver/sakura-card-captor-castellano-episodio-64"
        },
        {
          "numero": 65,
          "titulo": "Sakura Card Captor Castellano - Capitulo 65",
          "duracion": "Desconocido",
          "url_stream": "https://latanime.org/ver/sakura-card-captor-castellano-episodio-65"
        },
        {
          "numero": 66,
          "titulo": "Sakura Card Captor Castellano - Capitulo 66",
          "duracion": "Desconocido",
          "url_stream": "https://latanime.org/ver/sakura-card-captor-castellano-episodio-66"
        },
        {
          "numero": 67,
          "titulo": "Sakura Card Captor Castellano - Capitulo 67",
          "duracion": "Desconocido",
          "url_stream": "https://latanime.org/ver/sakura-card-captor-castellano-episodio-67"
        },
        {
          "numero": 68,
          "titulo": "Sakura Card Captor Castellano - Capitulo 68",
          "duracion": "Desconocido",
          "url_stream": "https://latanime.org/ver/sakura-card-captor-castellano-episodio-68"
        },
        {
          "numero": 69,
          "titulo": "Sakura Card Captor Castellano - Capitulo 69",
          "duracion": "Desconocido",
          "url_stream": "https://latanime.org/ver/sakura-card-captor-castellano-episodio-69"
        },
        {
          "numero": 70,
          "titulo": "Sakura Card Captor Castellano - Capitulo 70",
          "duracion": "Desconocido",
          "url_stream": "https://latanime.org/ver/sakura-card-captor-castellano-episodio-70"
        }
      ]
  },
  {
    "id": 12,
    "titulo": "Overlord: The Sacred Kingdom",
    "sinopsis": "El Reino Sagrado ha disfrutado de muchos años sin guerras gracias a una colosal muralla construida tras una tragedia histórica. Ellos entienden mejor que nadie lo frágil que puede ser la paz. Cuando el terrible demonio Jaldabaoth sale al campo de batalla al frente de un ejército unido de tribus monstruosas, los líderes del Reino Sagrado saben que sus defensas no son suficientes. Con la existencia misma del país en juego, los piadosos no tienen más remedio que buscar ayuda dondequiera que puedan conseguirla, ¡incluso si eso significa romper el tabú y parlamentar con el rey no muerto de la Nación de la Oscuridad!",
    "imagen": "https://latanime.org/thumbs/imagen/overlord-the-sacred-kingdom-1743473199.jpg?v=1.5",
    "generos": ["Acción", "Aventura", "Fantasía"],
    "año": 2024,
    "estado": "Finalizado",
    "idioma": "Castellano",
    "categoria": "Película",
    "episodios": [
      {
        "numero": 1,
        "titulo": "Overlord: The Sacred Kingdom - Capitulo 1",
        "duracion": "Desconocido",
        "url_stream": "https://latanime.org/ver/overlord-the-sacred-kingdom-episodio-1"
      }
    ]
  },
  {
    "id": 13,
    "titulo": "Mi GRAN Jefe Latino",
    "sinopsis": "¡Si necesitas tallas XL, las encontrarás aquí! Por recomendación, Saki Watase se convierte en probadora de productos para reseñar su calidad y ganar algo de dinero extra. Sin embargo, termina recibiendo unos curiosos artículos de tamaño extra grande y, sin tener pareja, se siente incapaz de hacer algo al respecto. Después de asistir a una reunión con sus compañeros de trabajo, su temible jefe, Keisuke Sudo, la lleva a su apartamento tras beber demasiado. En el lugar, Sudo descubre una gran cantidad de eso y ofrece su ayuda con la prueba. Mi GRAN Jefe y yo probando productos XL... eso es mentira, ¿verdad?",
    "imagen": "https://latanime.org/thumbs/imagen/mi-gran-jefe-latino-1719285252.jpg?v=1.5",
    "generos": ["Ecchi", "Josei", "Romance"],
    "año": 2019,
    "estado": "Finalizado",
    "idioma": "Castellano",
    "categoria": "Latino Sin Censura",
    "episodios": [
      {
        "numero": 1,
        "titulo": "Mi GRAN Jefe Latino - Capitulo 1",
        "duracion": "Desconocido",
        "url_stream": "https://latanime.org/ver/mi-gran-jefe-latino-episodio-1"
      },
      {
        "numero": 2,
        "titulo": "Mi GRAN Jefe Latino - Capitulo 2",
        "duracion": "Desconocido",
        "url_stream": "https://latanime.org/ver/mi-gran-jefe-latino-episodio-2"
      },
      {
        "numero": 3,
        "titulo": "Mi GRAN Jefe Latino - Capitulo 3",
        "duracion": "Desconocido",
        "url_stream": "https://latanime.org/ver/mi-gran-jefe-latino-episodio-3"
      },
      {
        "numero": 4,
        "titulo": "Mi GRAN Jefe Latino - Capitulo 4",
        "duracion": "Desconocido",
        "url_stream": "https://latanime.org/ver/mi-gran-jefe-latino-episodio-4"
      },
      {
        "numero": 5,
        "titulo": "Mi GRAN Jefe Latino - Capitulo 5",
        "duracion": "Desconocido",
        "url_stream": "https://latanime.org/ver/mi-gran-jefe-latino-episodio-5"
      },
      {
        "numero": 6,
        "titulo": "Mi GRAN Jefe Latino - Capitulo 6",
        "duracion": "Desconocido",
        "url_stream": "https://latanime.org/ver/mi-gran-jefe-latino-episodio-6"
      },
      {
        "numero": 7,
        "titulo": "Mi GRAN Jefe Latino - Capitulo 7",
        "duracion": "Desconocido",
        "url_stream": "https://latanime.org/ver/mi-gran-jefe-latino-episodio-7"
      },
      {
        "numero": 8,
        "titulo": "Mi GRAN Jefe Latino - Capitulo 8",
        "duracion": "Desconocido",
        "url_stream": "https://latanime.org/ver/mi-gran-jefe-latino-episodio-8"
      }
    ]
  }
]
