[
  {
    "id": 1,
    "username": "admin",
    "email": "admin@animefest.com",
    "password": "$2a$12$Q925rx.d4bonPHMovntSneZYpQ4o3hAOqXEaXPZjKCQ6s7V2kk81q",
    "favoritos": [],
    "historial": []
  },
  {
    "id": 3,
    "username": "otaku_fan",
    "email": "fan@example.com",
    "password": "$2b$10$XxF2jb0qoP/BrIKhfEn61e6YBTkKp5XggmNVdyE7aN5X2MoHjszF6",
    "favoritos": [
      2,
      4,
      5
    ],
    "historial": [
      {
        "animeId": 3,
        "episodio": 1,
        "progreso": 45,
        "fechaVisto": "2024-01-16T14:20:00Z"
      }
    ]
  }
]